Domain,Word,Definition,TLD
ahikao.net,ahikao,"fireworks (perhaps from Eng. scow [kao], as fireworks were first displayed from ships of explorers). ",ao
akahao.net,akahao,"to pick up carefully, as food. ",ao
akeake.net,akeake,"quick, ready, as to do a kindly, deed, helpful. ",ke
ahuahu.net,ahuahu,"healthy, vigorous; strength and vigor, as of animal or plant; to grow rapidly, thrive. ",hu
akalani.net,akalani, ,ni
akaakalani.net,akaakalani,afterglow. ,ni
ahulau.net,ahulau,"   • pestilence, epidemic, 
   • heaped up, as dead bodies.   ",au
ahuna.net,ahuna,"pile, heap. ",na
ahuulu.net,ahuulu, ,lu
akaluli.net,akaluli,"to move slowly, carefully. ",li
ahahana.net,ahahana,"syllables repeated in chants, usually at ends of verses, similar to ēhē; also ahana and ahana kōkō lele, both meaningless. ",na
ahimakani.net,ahimakani,"gasoline. lit., wind fire. ",ni
ahuake.net,ahuake, ,ke
ahulu.net,ahulu,"overdone, overcooked; overcultivated, as soil. ",lu
akalau.net,akalau,"the ghost or spirit of a living person seen by others, a sign of calamity. lit., many shadows. ",au
alahao.net,alahao,"railway, railroad track. lit., iron road. ",ao
akepahaola.net,akepahaola,lung. ,la
akiahala.net,akiahala, ,la
alahaki.net,alahaki,mountain ladder or steps cut into a cliff. ,ki
alahula.net,alahula,"   • a frequented and well-known path; to frequent such; 
   • to tread or trample, as on a taboo being broken. And.   ",la
alamimo.net,alamimo,"quick, fast. ",mo
akeomilu.net,akeomilu,"a lua fighting stroke. lit., the liver of Milu ",lu
alapine.net,alapine,"quick, fast. ",ne
akemakani.net,akemakani,"lung. lit., wind liver. ",ni
akuila.net,akuila, ,la
akepau.net,akepau,"tuberculosis, consumption. lit., finished liver. ",au
alalai.net,alalai, ,ai
alapinepine.net,alapinepine, ,ne
alapoki.net,alapoki,shipwrecked. ,ki
alawela.net,alawela,"dark lines on stomach of a pregnant woman, converging near the navel. lit., burned path. ",la
alolio.net,alolio, ,io
amaumau.net,amaumau, ,au
anahonua.net,anahonua,geometry. ,ua
anahuinakolu.net,anahuinakolu,trigonometry. lit. triangular measurement. ,lu
alolua.net,alolua,"two-sided, two-faced; facing one another, as cliffs on opposite sides of a valley. ",ua
anaanapau.net,anaanapau,to move briskly. ,au
alawiki.net,alawiki,"to hurry; quick, fast. ",wiki
alehu.net,alehu, ,hu
alohalua.net,alohalua,"name given to the kāmole plant used in hana aloha sorcery. lit., mutual love. ",ua
alohiki.net,alohiki,"families united by marriage, in-laws. ",ki
aukana.net,aukana,short for au kanaiʻi. ,na
anapuni.net,anapuni,"boundary, circumference, perimeter; to encircle, go around. ",ni
auhuli.net,auhuli,"to overturn, overthrow, upset; to till. ",li
aneane.net,aneane,"faint, feeble, exhausted; nauseous dizziness. ",ne
auhili.net,auhili,"to turn off the course, wander, deviate. ",li
anawaena.net,anawaena,"diameter. lit., middle measure. ",na
anianiikalani.net,anianiikalani,name of a star said to be in the Milky Way. ,ni
apohao.net,apohao,"iron hoop or band, named for the king's guard under the monarchy. ",ao
apowaena.net,apowaena,parentheses. ,na
analio.net,analio,tail feathers. ,io
anauna.net,anauna, ,na
auakua.net,auakua,"ghost-ridden; haunted or unfriendly land. lit., ghost bile. cf. (Isa. 13.9) . ",ua
auhonua.net,auhonua,"ancient age, era, epoch. ",ua
hahae.net,hahae, ,ae
hahalu.net,hahalu,"empty, void; somewhat deflated, as a balloon; half rotten, as wood, taro. fig., hungry. ",lu
hahaki.net,hahaki, ,ki
aulau.net,aulau,"to gather leaves to wrap fish in for cooking, as leaves of pōhuehue, mānewanewa, lauaʻe, ti; to frighten fish into a net with leaves. ",au
aumiki.net,aumiki,outgoing current. ,ki
aupula.net,aupula,fishing with a pula stick or pūlale to drive fish into a net. ,la
ehehene.net,ehehene,"to laugh merrily, giggle in glee; laughter. ",ne
haeola.net,haeola,murderous. ,la
hahahana.net,hahahana, ,na
epaepa.net,epaepa,part of a fish's tail above and below the cleft. ,pa
aulike.net,aulike,"even, smooth, as timber. ",like
auloli.net,auloli,mildew. ,li
ehuehu.net,ehuehu,"   • animation varying from fury and storm to power and majesty, animated, animation. 
   • violent; violence
   • anger, fury; furious
   • powerful
   • majesty.   ",hu
ekikilau.net,ekikilau,a stench that draws flies; bad-smelling. ,au
elehu.net,elehu,slate or ash-colored pumice. ,hu
emowai.net,emowai,"an addition of water, as for mixing poi. Kauaʻi. ",ai
haehae.net,haehae,"to tear to bits, tease; ",ae
haikina.net,haikina,hyacinth. ,na
hahuhahu.net,hahuhahu, ,hu
hahili.net,hahili,a kind of fish. ,li
hailili.net,hailili, ,li
hailona.net,hailona,"   • divination, casting lots, throwing dice; 
   • to test 
   • (also used interchangeably with hōʻailona).   ",na
hahani.net,hahani, ,ni
hahaua.net,hahaua, ,ua
hahape.net,hahape,Kauaʻi. ,pe
haiamua.net,haiamua, ,ua
haiehu.net,haiehu, ,hu
hahano.net,hahano,enema. ,no
hahoma.net,hahoma, ,ma
hahina.net,hahina, ,na
hailiopua.net,hailiopua,"a small native fern (Schizaea robusta) found in high mountain wet areas believed to be the plant form of the sorcery goddess Pua; sometimes used as a psychological remedy to ward off the evil influence of Pua.  lit., Pua's memory. Hawaiʻi. ",ua
hainaki.net,hainaki,prayer removing the taboo on land after the taxes had been collected (an example of a pule hainaki is in (Malo 146–7)). ,ki
hakakai.net,hakakai,"bloated, swollen. ",ai
hakalina.net,hakalina,"showy, pompous, vain, as of one's attire. ",na
hakihana.net,hakihana, ,na
hakinau.net,hakinau, ,au
halahalawai.net,halahalawai,"watery, wet, tearful, weeping. ",ai
hakalunu.net,hakalunu, ,nu
hakakauluna.net,hakakauluna,"same as lona, canoe rest. ",na
hakihaki.net,hakihaki, ,ki
hakina.net,hakina,"   • broken piece, remnant, scrap, fragment; 
   • portion, 
   • balance, 
   • section, 
   • fraction, as in arithmetic. ",na
hakuhana.net,hakuhana, ,na
hakupapa.net,hakupapa,"to sew feathers to a band, as for a hat. ",pa
halahalakau.net,halahalakau, ,au
hakakau.net,hakakau,"to straddle. fig., a tall thin person. ",au
hakakaupili.net,hakakaupili,"to stand intently watching, as a thief [said to be the name of a legendary rat thief]; to stand precariously, as at the edge of a cliff. ",li
halahula.net,halahula,"consideration of grievances, disputes; councils for such consideration. ",la
halakau.net,halakau,"to perch high, as a bird. ",au
hamuhamu.net,hamuhamu, ,mu
haloke.net,haloke,"loose-fitting, not tight. ",ke
haluhalu.net,haluhalu, ,lu
hamohamo.net,hamohamo, ,mo
hamumumu.net,hamumumu, ,mu
hanahanauna.net,hanahanauna, ,na
hamumu.net,hamumu,"to whisper, murmur, hum; whispering. ",mu
halalani.net,halalani,"high heavens, atmosphere. ",ni
haleloke.net,haleloke,"a kind of lavender or purplish-red chrysanthemum. Probably lit., rose house, and named for someone called Rose, or whose house was called Hale Loke. ",ke
halemano.net,halemano,"a romantic Oʻahu anti-hero who wooed, sometimes with success, the beautiful but fickle Puna princess, Kamalālāwalu. The account of the kilu (quoits) match contains some of the most beautiful of Hawaiian poetry. At the end of the tale the lovers apparently tire of one another. see ʻAikanaka₃.  lit., many houses. ",no
halolani.net,halolani,"to move quietly, as a soaring bird. ",ni
hamahamau.net,hamahamau, ,au
hanahanai.net,hanahanai,"edge of a precipice or slope, brow of a hill. ",ai
hanauna.net,hanauna,"   • generation; 
   • relative whose relationship was established several generations previously; 
   • ancestry, birth.    ",na
hanakauluna.net,hanakauluna,"name of a star associated with Hanakalauʻai, and Hakalauʻai; all were omens of pestilence or calamity. ",na
hanawai.net,hanawai,"irrigation; to irrigate, water. ",ai
hanowela.net,hanowela,Hanover. ,la
hanaina.net,hanaina,feeding. ,na
hanina.net,hanina, ,na
hanuhanu.net,hanuhanu, ,nu
hanakapahu.net,hanakapahu,"smallpox (perhaps short for hana i ka pahu, build the coffin). ",hu
hananai.net,hananai, ,ai
haohana.net,haohana,"scooping; handful. (Probably hao₃ + -hana, nominalizer.) ",na
hanunu.net,hanunu,"steep, bent-over, stooped, round-shouldered; stooping. ",nu
hanupau.net,hanupau,"a disease, perhaps pneumonia. ",au
hanaua.net,hanaua, ,ua
hapahaneli.net,hapahaneli,"hundredth part, percentage. ",li
hapawai.net,hapawai,"a shellfish, Theodoxus vespertinus. ",ai
hapawalu.net,hapawalu,one eighth; eighth part; a coin worth twelve and a half cents; a piece of silver money (Luka 15.8) . ,lu
hauhana.net,hauhana,"lashing, as of adze to handle; to lash. (hau₃ + -hana, nominalizer) ",na
hauhauhali.net,hauhauhali,"to carry to and from, as gossip. ",li
hauhauhili.net,hauhauhili, ,li
haokila.net,haokila,"to be sturdy as steel. lit., iron steel (Eng.). ",la
hapaina.net,hapaina,"carrying, lifting, carrier; pregnancy. ",na
haohaona.net,haohaona, ,na
haokanu.net,haokanu,seedbed; to prepare a seedbed. ,nu
hapalima.net,hapalima,fifth; one fifth. ,ma
hapuee.net,hapuee,a kind of fish. ,ee
hapahapai.net,hapahapai,"   • to toss up, as a child; 
   • to heave or breathe heavily; 
   • to glorify, praise.    ",ai
hapakolu.net,hapakolu,third; one third. ,lu
hapaono.net,hapaono,one sixth. ,no
hauene.net,hauene,calcareous earth resembling chalk or plaster. ,ne
hauhau.net,hauhau, ,au
hauhaua.net,hauhaua, ,ua
hauhauna.net,hauhauna, ,na
haumanu.net,haumanu, ,nu
haunone.net,haunone,name of a cold wind. ,one
hauwene.net,hauwene,"to cry, tease, nag, fret. ",ne
haukamumu.net,haukamumu, ,mu
haulalapa.net,haulalapa,"to blaze, scorch, sear. ",pa
haumalu.net,haumalu,quiet. ,lu
hauli.net,hauli,"this word is used idiomatically with lele and hoʻolele, and may be related to mauli. ",li
haumanumanu.net,haumanumanu, ,nu
hauone.net,hauone,soft limestone. ,one
hauna.net,hauna,"   • unpleasant odor, as of spoiling fish or meat, or volcanic sulphur; 
   • stench; tainted.      ",na
hehina.net,hehina,"footrest; any place on which to step or tread; a stepping, treading. ",na
haukapila.net,haukapila,hospital. ,la
haukau.net,haukau,"choppy, as the sea. ",au
hehipuahala.net,hehipuahala,"rain name associated with Poʻo-kū, Kauaʻi. lit., stepping upon pandanus flowers. ",la
haulani.net,haulani,"   • to surge, as the sea; 
   • to plunge, as a canoe; 
   • to ply back and forth; 
   • restless, constantly on the move. 
   • to repeatedly travel speedily, as a boat or train...
   • fig., to dissipate.    ",ni
haupalemo.net,haupalemo,"a lua fighting stroke. lit., the drowned blow... ",mo
hauhili.net,hauhili, ,li
haukomo.net,haukomo,"a lua fighting stroke. lit., the blow enters... ",mo
haunama.net,haunama,a slightly offensive odor. ,ma
heana.net,heana,"corpse, especially of one slain in battle; victim, human sacrifice; carcass (Mat. 24.28) , remains. ",na
hehena.net,hehena,"   • insane, raving mad, crazy, possessed; 
   • insanity, madness; 
   • lunatic, maniac.    ",na
haukalima.net,haukalima,"ice cream. lit., creamed (Eng.) ice. ",ma
haulana.net,haulana,"iceberg, floating ice. ",na
heiau.net,heiau,"pre-Christian place of worship, shrine; some heiau were elaborately constructed stone platforms, others simple earth terraces. Many are preserved today. Several types are listed below. In (Isa. 15.2) , heiau is a high place of worship. ",au
helahela.net,helahela, ,la
helemauna.net,helemauna,"a rare native variety of dry-land taro, with dark purplish petioles and white corms; grown on Hawaiʻi. ",na
hekeheke.net,hekeheke,plump. ,ke
hekikili.net,hekikili, ,li
helela.net,helela,herald. ,la
helepona.net,helepona,Hebron. ,na
heluhana.net,heluhana,"factor, as in arithmetic. ",na
heliokalope.net,heliokalope,"introduced, sweet-scented heliotrope (Heliotropium arborescens syn. H. corymbosum). ",pe
heluhelu.net,heluhelu,to scratch. ,lu
heleuma.net,heleuma,"stone anchor, anchor. ",ma
helua.net,helua, ,ua
heleekela.net,heleekela,"the planet Uranus, formerly called Hershel for its discoverer, Sir William Hershel, in 1781. ",la
hemahema.net,hemahema,"want, need, necessity; lacking, destitute (Oihk. 22.23) , needy. ",ma
henoheno.net,henoheno,"lovable, sweet. ",no
hihiawai.net,hihiawai,"the swamp fern (Ceratopteris thalictroides), an edible, somewhat succulent fern, distributed through the tropics. It grows in mud or water, as around taro patches, in tufts about 30 cm high. The fronds are triangular and are finely divided into long, narrow parts. Young fronds are eaten with fresh-water shrimps. ",ai
hihihiki.net,hihihiki,"to come or go, of many people. ",ki
hihiki.net,hihiki, ,ki
heuheu.net,heuheu, ,eu
heumiki.net,heumiki,"beautiful, comely, attractive. ",ki
hihihina.net,hihihina,"redup. and intensifier of hina, to fall. ",na
hihina.net,hihina, ,na
hepahepa.net,hepahepa, ,pa
hepela.net,hepela,Hebrew. ,la
hiaala.net,hiaala,"same as the more common hiaʻā, indisposed to sleep, wakeful, sleepless... ",la
hepekoma.net,hepekoma,week; seven years. ,ma
hiana.net,hiana,"depression or hole, as under water. ",na
hemohemo.net,hemohemo,"separation, loosening. ",mo
Domain,Word,Definition,TLD
iliau.net,iliau,"an endemic woody plant (Wilkesia gymnoxiphium), related to the ʻāhinahina or silversword, found only in western mountains of Kauaʻi. It is 1 to 4 m high, unbranched, the stems ending in clumps of long narrow leaves. ",au
ililani.net,ililani,"unexpected rain, as from a sunny sky; to rain thus. ",ni
ipuolono.net,ipuolono,a variety of taro used as offering to the gods; it may be qualified by the terms kea and ʻulaʻula. ,no
ipuwai.net,ipuwai,wood rollers laid under a canoe being hauled to prevent it from being scratched or damaged. ,ai
ihuanu.net,ihuanu,name of an odoriferous tree or shrub. ,nu
ikawaolani.net,ikawaolani,"name of a star. lit., in the mountain area occupied by gods or high chiefs. ",ni
ikuwai.net,ikuwai,visiting place in a grass house. ,ai
inuwai.net,inuwai,"name of a sea breeze. lit., water drinking. ",ai
ihupani.net,ihupani,"expert, wise person, wisdom. lit., closed nose, perhaps referring to deep diving and hence profound knowledge. ",ni
ihumoe.net,ihumoe,name of a star. ,moe
ikimakua.net,ikimakua,"a kind of stone, as used for making maika stones. ",ua
ikipuahola.net,ikipuahola,"a pestilence said to have come in the reign of Waia, believed the same as the ʻōkuʻu disease of 1804. ",la
ihuihu.net,ihuihu,"rising upward, as the prow of a canoe. fig., scornful. ",hu
kahaukomo.net,kahaukomo,"a lua fighting stroke. lit., the blow enters. ",mo
iukaio.net,iukaio,Jew; Jewish. ,io
iunipela.net,iunipela,"broom tree (RSV), juniper (KJV). (Neal 49), (1 Nal. 19.4) . ",la
kahapili.net,kahapili,"tangent of a circle. lit., line that touches. ",li
kahauli.net,kahauli,"a kind of ʻahi, a tuna. It is small, has a long pectoral fin, and reaches about 35 kilos in weight. lit., dark-striped. ",li
kahapouli.net,kahapouli,"taboo on menstruating women, restricting them to the menstruating house. lit., place of dark night. ",li
kahaupalemo.net,kahaupalemo,"a lua fighting stroke. lit., the drowned blow. ",mo
kahekawai.net,kahekawai, ,ai
iwikauikaua.net,iwikauikaua,name of a star and of an ancient chief of Hawaiʻi. ,ua
kahihikolu.net,kahihikolu, ,lu
kahiau.net,kahiau,to give generously or lavishly with the heart and not with expectation of return. ,au
kaekae.net,kaekae,"   • smooth, polished; to rub smooth, polish, finish
   • perfect, as a new canoe without knots or knobs; 
   • young, attractive, plump, desirable, as of a woman; 
   • tasty, mellow, soft, as of sweet potatoes;    ",ae
kahaone.net,kahaone,sandy beach. ,one
kahau.net,kahau,"the sport of hurling lightweight hau wood spears; to hurl such spears. lit., hurl hau wood. ",au
kahelelani.net,kahelelani,"species of small colored shells, found particularly on Niʻihau; perhaps so called because the shells were used by chiefs. ",ni
kahakahana.net,kahakahana,"   • markings, scratchings, 
   • lines, stripes; 
   • narrow strip of cloth, usually white.   ",na
kahalili.net,kahalili,sanctified stone used by at priest in ʻanāʻanā sorcery. ,li
kahalaopuna.net,kahalaopuna,"a Mānoa beauty, the wife of Kauhi. In the legend gossips told Kauhi that she was unfaithful. He led her to a forest on Ka'ala mountain and slowly beat her to death and buried her under an ʻōhiʻa tree. Passers-by restored her to life. (HM 152-153). In the story as told by Westervelt (Old Honolulu, pp. 128-130), her cruel lover, a Waikiki chief, killed her three times; each time she was resuscitated by an owl god, Pueoaliʻi. lit., the pandanus of Puna. ",na
kahueloiki.net,kahueloiki,unidentified star name. ,ki
kahukahu.net,kahukahu,to offer food and prayers to a god or to the spirit of a deified person. ,hu
kahuki.net,kahuki, ,ki
kaiapa.net,kaiapa,diaper. ,pa
kaiena.net,kaiena,"to walk with feet far apart, as an infant; to straddle, as on a horse. ",na
kaikuehu.net,kaikuehu,enema. ,hu
kaimake.net,kaimake,Dead Sea. ,ke
kaiehu.net,kaiehu,"   • to scatter or stir up, as dust or dirt; 
   • tossed, as spray; 
   • to moisten or sprinkle with fine drops of water, as of poi being pounded.    ",hu
kahikolu.net,kahikolu,"trinity, three in one. ",lu
kahuilaokalani.net,kahuilaokalani, ,ni
kahuli.net,kahuli,"to overturn, overthrow, capsize, upset. ",li
kaiokaliana.net,kaiokaliana,Darien Sea. ,na
kaiua.net,kaiua,"to continue, repeat. ",ua
kakakau.net,kakakau, ,au
kakala.net,kakala, ,la
kakalina.net,kakalina,gasoline. ,na
kaioke.net,kaioke,coyote. ,ke
kainahai.net,kainahai, ,ai
kaipuni.net,kaipuni,typhoon. ,ni
kakahili.net,kakahili,idle chatter; to talk idly; to wander aimlessly. ,li
kakalakeke.net,kakalakeke,cormorant. ,ke
kaimonio.net,kaimonio, ,io
kaiwaenahonua.net,kaiwaenahonua,Mediterranean Sea. ,ua
kakamina.net,kakamina,"catmint, catnip. ",na
kakahiki.net,kakahiki, ,ki
kakanakana.net,kakanakana,a grass. ,na
kakanalua.net,kakanalua,dubious. ,ua
kaimoni.net,kaimoni,demon. ,ni
kakalama.net,kakalama,silver money. ,ma
kakalema.net,kakalema,Sacrament. ,ma
kakau.net,kakau,"redup. and plural of kau,
   • to place; 
   • to leave imprints; 
   • to stand out, as veins.    ",au
kakoma.net,kakoma,Tacoma. ,ma
kakulena.net,kakulena,Saturn. ,na
kalahala.net,kalahala,"atonement, remission of sins; to pardon, absolve from sin, ransom. lit., forgive sin. ",la
kakinela.net,kakinela,Cardinal (Catholic Church). ,la
kakapa.net,kakapa, ,pa
kakiana.net,kakiana,sergeant. ,na
kalakalaiaupuni.net,kalakalaiaupuni,political activity; to do such. ,ni
kakelema.net,kakelema,Sacrament. ,ma
kalaima.net,kalaima,crime; criminal. ,ma
kakekimo.net,kakekimo,Catechism. ,mo
kakekumeno.net,kakekumeno,catechumen. ,no
kalaina.net,kalaina,"a carving, hewing. rock carving (KAN) ",na
kakepiana.net,kakepiana,Caspian. ,na
kakilileke.net,kakilileke,sacrilege. ,ke
kalakalai.net,kalakalai,"to carve, cut, hew, hoe, etc., a little at a time; to whittle. ",ai
kakapila.net,kakapila,caterpillar (tractor). ,la
kalaunu.net,kalaunu,"crown, corona, diadem,  cf. also pua kalaunu. ",nu
kalekana.net,kalekana,"a red- or yellow-flowered succulent (Kalanchoe blossfeldiana), a recent introduction. ",na
kalekona.net,kalekona,dragon. ,na
kalakia.net,kalakia,grace. ,kia
kalapala.net,kalapala,"a kind of Zebrasoma, a fish. ",la
kalakupua.net,kalakupua,under control of a mysterious or supernatural power; magic. ,ua
kalamona.net,kalamona, ,na
kalanakula.net,kalanakula,tarantula. ,la
kalapaiki.net,kalapaiki,kind of stone used for octopus lures. ,ki
kalauae.net,kalauae,lazy. ,ae
kalawina.net,kalawina,"Calvinistic, Congregational. ",na
kalamela.net,kalamela,caramel. ,la
kalamo.net,kalamo,calamus. ,mo
kaleiomanu.net,kaleiomanu,a lua fighting stroke. ,nu
kalekekona.net,kalekekona,chalcedony. ,na
kalekena.net,kalekena,Saracen. ,na
kalemakia.net,kalemakia,Dalmatia. ,kia
kalawai.net,kalawai,"to surround, go around. ",ai
kaleke.net,kaleke,Thursday. ,ke
kalepiana.net,kalepiana,Caribbean. ,na
kaleponi.net,kaleponi,California. ,ni
kalewali.net,kalewali,calvary. ,li
kalili.net,kalili, ,li
kaliali.net,kaliali,a tree or plant used in medicine. ,li
kalikolehua.net,kalikolehua,a slow-growing sweet potato. ,ua
kalikone.net,kalikone,cretonne. ,one
kalenekalio.net,kalenekalio,calendar. ,io
kalepona.net,kalepona,carbon. ,na
kalipa.net,kalipa,caliph. ,pa
kaliwalana.net,kaliwalana,Cleveland. ,na
kalolaina.net,kalolaina,Carolina. ,na
kalioneke.net,kalioneke,clarinet. ,ke
kalewekekona.net,kalewekekona,Galveston. ,na
kalipoli.net,kalipoli,Galipoli. ,li
kalewai.net,kalewai,kind of light-brownish tapa. ,ai
kalilaio.net,kalilaio,Galilee. ,io
kamakama.net,kamakama, ,ma
kamanu.net,kamanu, ,nu
kamapane.net,kamapane,Champagne. ,ne
kamalena.net,kamalena,"yellow, yellow-hued; tapa dyed yellow with ʻōlena. ",na
kamaloli.net,kamaloli,"slugs and snails in general; Eulota similaris, a snail. lit., sea-slug child. ",li
kamawae.net,kamawae,"selective, difficult to please. lit., person [who] chooses. ",ae
kaluulu.net,kaluulu,"a land term of uncertain meaning and pronunciation commonly used in Kona, Hawaiʻi, in about 1848. Perhaps ulu is ʻulu, breadfruit. ",lu
kalomela.net,kalomela,calomel. ,la
kamalani.net,kamalani,"child of a chief; a petted child. fig., finicky, fussy. ",ni
kamaehu.net,kamaehu,"strength, energy, firmness of resolution, fixedness of purpose. ",hu
kamahine.net,kamahine,girl. ,ne
kamakaunulau.net,kamakaunulau,"star name, perhaps same as Unulau. ",au
kamalama.net,kamalama,"name of a star. lit., the light. ",ma
kamakini.net,kamakini,"to impose a general taboo. lit., to tie the multitude. ",ni
kaloline.net,kaloline,chlorine. ,ne
kaloloamaiau.net,kaloloamaiau,"a lua fighting stroke. lit., neat length. ",au
kalukalu.net,kalukalu,a fern somewhat like palapalai. ,lu
kameleona.net,kameleona,"chameleon (RSV), mole (KJV).  (Oihk. 11.30)  Jackson's chameleon (Chamaeleo jacksoni) has been noted on Oʻahu since 1972, the green anole lizard (Anolis carolinensis porcatus) since, 1950; this is also commonly called chameleon. (McKeown 28–33). ",na
kamalino.net,kamalino,a sweet potato. ,no
kamelopaki.net,kamelopaki,"camelopard, giraffe. ",ki
kanapapiki.net,kanapapiki,son of a bitch. ,ki
kaneikalau.net,kaneikalau,combination of the juices of ʻōlena root and mānienie grass used medicinally. ,au
kanekopa.net,kanekopa,Vancouver. ,pa
kanenene.net,kanenene, ,ne
kamipulu.net,kamipulu,damn fool. ,lu
kamolapoki.net,kamolapoki,smallpox. ,ki
kamumu.net,kamumu,"   • crunching sound, crunch; to crackle, clatter; 
   • rumbling, 
   • thud, thump, as of footsteps; 
   • roar, as of approaching rain; 
   • rustling, as wind    ",mu
kanalani.net,kanalani,"in great numbers, numerous; abundance. ",ni
kanaie.net,kanaie,same as hoʻokanaie. ,ie
kanakona.net,kanakona,Canton. ,na
kanihapa.net,kanihapa,"half-step interval in music, a minor second. ",pa
kanahai.net,kanahai,Shanghai; to shanghai. ,ai
kanawao.net,kanawao,"small endemic trees (Broussaisia arguta), with large, oval, toothed leaves, in the saxifrage family; the small flowers and berries are arranged in wide, convex clusters. The flowers of one form have bluish-green petals; of another, red, another white, An old belief was that eating the fruit helped in fecundity; the increase of chiefs was compared to a fruiting kanawao. Varieties are qualified by the colors keʻokeʻo and ʻulaʻula. ",ao
kanahua.net,kanahua,"humped up, bent, stoop-shouldered. ",ua
kapakokia.net,kapakokia,Cappadocia. ,kia
kanikau.net,kanikau,"dirge, lamentation, chant of mourning, lament; to chant, wail, mourn. (Bib.) ",au
kanupe.net,kanupe,Danube. ,pe
kapalulu.net,kapalulu,"   • whirring, as of quail taking flight; 
   • buzzing; 
   • roaring, as of an airplane; 
   • crackling, as of a fire; 
   • to whiz. ",lu
kanikela.net,kanikela,consul. ,la
kapae.net,kapae,star name (no data). ,ae
kapakapa.net,kapakapa,"   • plural of kapa₃; 
   • human crotch; 
   • kilu quoit shots that stray from the mark. ",pa
kaniuli.net,kaniuli,"to purse the lips, as in disapproval or disagreement. ",li
kanono.net,kanono,"to whack, bang, smack, as of a blow; to receive such a resounding blow. ",no
kanukanu.net,kanukanu, ,nu
kanulu.net,kanulu,"roaring, vibrating sound, as of distant thunder. ",lu
kapakapalili.net,kapakapalili, ,li
kapakapalulu.net,kapakapalulu, ,lu
kapolena.net,kapolena,"tarpaulin, canvas. ",na
kapualalokalani.net,kapualalokalani,"star name, no data. ",ni
kaualau.net,kaualau, ,au
kauamoe.net,kauamoe,"ambuscade. lit., lying-down war. ",moe
kapenekine.net,kapenekine,turpentine. ,ne
kauhuhu.net,kauhuhu,"house ridgepole, main ridge pole. see illus. 1, illus. 2, illus. 4",hu
kauaiki.net,kauaiki,"first harvest of small sweet potatoes, others being left to grow larger. ",ki
kapeau.net,kapeau,to go on hands and knees before high royalty; to act humbly. ,au
kapoulena.net,kapoulena,jaundice. ,na
kapuhili.net,kapuhili,the many taboos inherited from chiefly ancestors or from the gods; person with many taboos. ,li
kauhola.net,kauhola,"to open, unfold, as a tapa; to expand, as a flower in bloom. ",la
kauhua.net,kauhua,desire. ,ua
kapikala.net,kapikala,"capital, capitol (city, building). ",la
kapuahikuni.net,kapuahikuni,smallpox. ,ni
kapukawai.net,kapukawai,handsome. ,ai
kauahae.net,kauahae,"wind name. lit., the raging rain. ",ae
kapeke.net,kapeke,"kind of malo dyed one color on one side, and another color on the other side (the wind often blows and exposes [kapeke] the color on the reverse side). ",ke
kaulu.net,kaulu,"ledge, step, jog, as on a cliff. [Elbert lists this form as varying with kaunu in his 1982 l-n doublets list (JPS Lexical Diffusion...) possibly the source of kaulu₇ ?] ",lu
kauluwena.net,kauluwena,"star name, no data. ",na
kaumanu.net,kaumanu,paper mulberry too old to be used for tapa. ,nu
kaukolu.net,kaukolu,"triple, trinity, group of three. ",lu
kauliki.net,kauliki,southeast. ,ki
kauluikua.net,kauluikua,"star name, perhaps same as ʻAʻā, Sirius. ",ua
kaumalumalu.net,kaumalumalu,"to overlook faults of others. lit., to place shade. ",lu
kaumoli.net,kaumoli,"stick about 10 cm long with holes down its middle, used to hold gunwales in place while they are being sewed on with sennit. ",li
kaukaunu.net,kaukaunu, ,nu
kaulona.net,kaulona,"   • to observe closely, 
   • to direct attention to, 
   • aim at.   ",na
kaulua.net,kaulua,"   • double canoe, 
   • pair, span, yoke, 
   • two of a kind; 
   • to put together or pair, to yoke or harness together, 
   • to double in quantity; 
   • coupled. 
   • fig., two-natured. ",ua
kaumahana.net,kaumahana,native mistletoes. ,na
kauhulu.net,kauhulu,gathering of fish in schools near the surface of the sea. ,lu
kaukamalama.net,kaukamalama,name of a star that rises with Kawelolani in the month of ʻIkuā. ,ma
kaukaula.net,kaukaula,temporary rope fence. ,la
kaulani.net,kaulani,"to rely on the chief, to support the chief, to put confidence in the chief. ",ni
kaukini.net,kaukini,cousin. ,ni
kauleina.net,kauleina,insecurity. ,na
kauila.net,kauila,"a native tree in the buckthorn family (Alphitonia ponderosa), found on the six main Hawaiian islands, with alternating leaves, oblong to narrow and woolly below; 
  • its hard wood was used for spears and mallets.  
   • Its wood was one of three kinds from trees on Mauna Loa, Molokaʻi, that were rumored to be poisonous from that location alone, and were used in black magic. The three trees were called kālai pāhoa; the others were ʻohe and nīoi. ",la
kauluwela.net,kauluwela,"glowing, bright-colored, colorful. ",la
kauliolioiwawau.net,kauliolioiwawau,"probably same as Liolioiwawau, a star name. ",au
kaupaona.net,kaupaona,"   • scales, 
   • weight; to weigh. 
   • fig., to consider, judge, estimate.
   lit., place pound (Eng.). ",na
kekahuna.net,kekahuna,the book Ecclesiastes. ,na
kaunuanalau.net,kaunuanalau,a large Hawaiian bird. ,au
kauokahiki.net,kauokahiki, ,ki
kaupalena.net,kaupalena,"   • to limit, restrict, moderate, limitation, ration.
   • mark a border or boundary, 
   • set a deadline; deadline. ",na
kawaonuiaola.net,kawaonuiaola,"name of a star appearing in the month of Hilina-mā. lit., the great forests of Life. ",la
keakula.net,keakula,"pine (RSV), box tree (KJV) (Buxus sempervirens). (Isa. 41.19) , (Neal 520). ",la
kauweke.net,kauweke,southwest. ,ke
kauwelu.net,kauwelu, ,lu
kaupua.net,kaupua, ,ua
keakeomilu.net,keakeomilu,"a lua fighting stroke. lit., the liver of Milu. ",lu
kaunakeke.net,kaunakeke,countess. ,ke
kaununu.net,kaununu,pole set up as indicative of taboo. ,nu
kaupau.net,kaupau,"an edible brown seaweed (Chnoospora pacifica), with many slender branches. ",au
kauwili.net,kauwili,"to mingle, mix. ",li
kehena.net,kehena,Gehenna. ,na
keikimahine.net,keikimahine,an old spelling of kaikamahine. ,ne
kekaihili.net,kekaihili,name of a southern star. ,li
kaunana.net,kaunana, ,na
Domain,Word,Definition,TLD
kuaina.net,kuaina,"twine, string. ",na
kualakai.net,kualakai,"a sea creature, perhaps Aplysia dactylomela or A. juliana. ",ai
kuakala.net,kuakala,"medicine made of pua kala plant and taken as treatment for pyorrhea, neuralgia, stomach ulcers. ",la
kualiali.net,kualiali, ,li
kualima.net,kualima,seven generations removed. ,ma
kuaihelani.net,kuaihelani,"a famous legendary place in the high heavens, a home of the deified dead. ",ni
kualana.net,kualana,"lazy, indolent, bored, fatigued; roving about without a chief to support one, as a ""floater"" (lana); to wander. ",na
kuakolu.net,kuakolu,"five generations removed, of a great-great-great-grandparent or great-great-great-grandchild, as kupuna kuakolu, moʻopuna kuakolu, for some speakers, four generations removed. ",lu
kuakeao.net,kuakeao,"lit., back of the light. ",ao
kuakualau.net,kuakualau, ,au
kualapa.net,kualapa,ridge. ,pa
kuakeahu.net,kuakeahu,"distant legendary place, as the brink of the nether world into which spirits leaped. Also Leinaakeakua. ",hu
kualua.net,kualua,"four generations removed, of a great-great-grandparent or great-great-grandchild, as kupuna kualua, moʻopuna kualua; for some speakers, three generations removed. ",ua
kualau.net,kualau,shower accompanied by sea wind. ,au
kualena.net,kualena,"to stretch, as tapa to free from wrinkles; taut. fig., to concentrate the thoughts. ",na
kuakuai.net,kuakuai, ,ai
kualapehu.net,kualapehu,"pugilist in the high chief's court, a muscular young man who might also be asked to massage a chiefess or have relations with her. ",hu
kuakemala.net,kuakemala,Guatemala. ,la
kuauli.net,kuauli,"verdant countryside. lit., green back. ",li
kuaweli.net,kuaweli,dark in color. ,li
kuekuene.net,kuekuene, ,ne
kuhaulua.net,kuhaulua,children of a high chief by a secondary wife or of second degree collaterality. ,ua
kuhikau.net,kuhikau,"to point out, direct. ",au
kuaniki.net,kuaniki,quantity. ,ki
kuapala.net,kuapala,a taboo chief who had the right to carry a pala fern in ceremonies. ,la
kuapola.net,kuapola,taboo night proclaimed in month of ʻIkuwā during the makahiki festivals. ,la
kuehu.net,kuehu,"   • to shake, stir up, as dust;
   • to knock a club from a foe's hands; 
   • to toss up, as spray; 
   • to brandish, wave; 
   • to clear of weeds; 
   • to drive off, especially evil spirits (tapa or ti leaves were torn into strips, blessed, and passed over a patient in order to exorcise spirits). 
cf. ehu, spray. ",hu
kuhaua.net,kuhaua, ,ua
kuhilani.net,kuhilani,to point out and interpret signs in the sky; a reader of signs in the sky. ,ni
kuaola.net,kuaola,"verdant mountain, where all thrives and grows. ",la
kuanalio.net,kuanalio,northern heavens and its stars. ,io
kuawili.net,kuawili,"   • long repetitious prayer said at luakini dedication ceremonies, 
   • hence repetitiousness in general; 
   • to repeat, 
   • to wander, digress, perhaps senselessly. ",li
kuekueni.net,kuekueni,"to shake, tremble, vibrate, swing back and forth, as a waving kāhili, feather emblem. ",ni
kuekena.net,kuekena,Sweden; Swede; Swedish. ,na
kuhikuhina.net,kuhikuhina,"directing, pointing out, gesturing, reference, instruction, program, director. ",na
kuamauna.net,kuamauna,mountaintop. ,na
kuekuehu.net,kuekuehu, ,hu
kueni.net,kueni, ,ni
kuanunu.net,kuanunu,stroke in lua fighting. ,nu
kuili.net,kuili,"prayer committed to memory and recited in unison during luakini (temple) dedications (Malo 171); to repeat, pray. ",li
kuila.net,kuila,twill. ,la
kuini.net,kuini,queen. ,ni
kukaima.net,kukaima, ,ma
kukima.net,kukima,mandrake. ,ma
kuikilana.net,kuikilana,Switzerland; Swiss. ,na
kuilehua.net,kuilehua,"name of a breeze blowing from the northwest of Niʻihau. lit., strike Lehua (Island). ",ua
kukane.net,kukane,"a rough lemon (Citrus limonia), liked for the fragrance of the skin, but too sour to eat. lit., having the nature of the kane skin fungus. ",ne
kukeke.net,kukeke,duchess. ,ke
kuhuhua.net,kuhuhua, ,ua
kukekani.net,kukekani,Tuscany. ,ni
kuinikeke.net,kuinikeke,quintet. ,ke
kuipapa.net,kuipapa,"method of making a hat lei by sewing leaves and flowers to a pandanus strip; to make such a lei. lit., string on a base. ",pa
kukamino.net,kukamino,"sycamine, a tree mentioned by Jesus; according to (Harper), a mulberry, probably the black variety. ",no
kukaweke.net,kukaweke,raincoat. ,ke
kukekuke.net,kukekuke, ,ke
kulapepeiao.net,kulapepeiao,"earring. lit., gold [for] ears. ",ao
kulua.net,kulua, ,ua
kukuni.net,kukuni, ,ni
kulukuluna.net,kulukuluna,"flowing, leaking, dripping. ",na
kuluhio.net,kuluhio,wafted off to sleep. ,io
kuleke.net,kuleke,"Turkey, Turk; Turkish. ",ke
kulepa.net,kulepa,sulphur. ,pa
kulakuke.net,kulakuke,Syracuse. ,ke
kulekia.net,kulekia,Crusader. ,kia
kulene.net,kulene,Cyrene. ,ne
kulekana.net,kulekana,sultan. ,na
kumino.net,kumino,cumin. ,no
kumakala.net,kumakala,Sumatra. ,la
kumepala.net,kumepala,cymbal. ,la
kumuhana.net,kumuhana,"topic, subject (as topic of discourse or grammatical subject); matter. (kumu₁ + -hana, nominalizer.) ",na
kumulena.net,kumulena,"name of a disease, perhaps jaundice. ",na
kumumiki.net,kumumiki,a mat motif with a continuous row of red lozenges with their lateral angles touching. ,ki
kumumu.net,kumumu, ,mu
kuneke.net,kuneke,Sunday. ,ke
kumeheu.net,kumeheu,"path, trail, road. ",eu
kumukumu.net,kumukumu,"   • truncated stumps, roots; 
   • stubs, as of cut grass or decayed teeth; 
   • stump, 
   • stubble, as of a beard. ",mu
kumuhonua.net,kumuhonua,concoction made of gourd vine and kukui nuts. ,ua
kumulani.net,kumulani,base of the sky; horizon. ,ni
kumumumu.net,kumumumu, ,mu
kumuone.net,kumuone,"sandbank; sandstone, used for maika stones. lit., sand base. ",one
kuluma.net,kuluma,"accustomed to, acquainted with, intimate with; customary, usual, chronic. ",ma
kumepelana.net,kumepelana,Cumberland. ,na
kumima.net,kumima,Thummim. ,ma
kunakuna.net,kunakuna,"itch, scabies; scabby skin condition; to itch. ",na
kumulau.net,kumulau,"female who has produced young, as of horse, cow, pig, chicken; to have produced young, female; root with many sprouts, propagating plant (rare); major source. ",au
kupelina.net,kupelina,Dublin. ,na
lahalawai.net,lahalawai,"slippery, muddy. ",ai
kununa.net,kununa, ,na
kupekala.net,kupekala,"an edible bivalve found at Pearl Harbor, possibly Chama species. ",la
kuolokani.net,kuolokani,"timbrel (Puk. 15.20) , psaltery (Hal. 92.3) . ",ni
kupuwao.net,kupuwao,"an endemic genus of small trees (Broussaisia), with a few forms, in the saxifrage family. lit., mountain sprout. ",ao
kunukunu.net,kunukunu,"to grumble, complain; displeased, dissatisfied. ",nu
kuokekimala.net,kuokekimala,duodecimal. ,la
laehaokela.net,laehaokela,"unicorn, rhinoceros. lit., brow with protruding horn. ",la
lahalahaina.net,lahalahaina, ,na
kupae.net,kupae,goodbye; to say goodbye. ,ae
kupualalookalani.net,kupualalookalani,"name of a star. lit., demigod beneath the heavens. ",ni
laehao.net,laehao,Cape Horn. ,ao
lahalahai.net,lahalahai, ,ai
laehina.net,laehina,"same as noio, a tern. lit., white brow. ",na
kupaloke.net,kupaloke,"tuberose (Polianthes tuberosa), popular in leis. ",ke
laikini.net,laikini,license. ,ni
laimana.net,laimana,layman. ,na
lainakini.net,lainakini, ,ni
laipala.net,laipala, ,la
lakeke.net,lakeke,"jacket, blouse. ",ke
laholena.net,laholena,"lazy, indolent, idling. ",na
laipela.net,laipela,rifle. ,la
laipila.net,laipila,libel; to libel. ,la
lalahua.net,lalahua, ,ua
laholio.net,laholio,"rubber; automobile tire; elastic, rubbery. lit., horse scrotum. ",io
lakaheke.net,lakaheke,"loghead [loggerhead, thick-headed or stupid person]. ",ke
lahonua.net,lahonua, ,ua
lalahela.net,lalahela,"lazy, sinful. ",la
lalahai.net,lalahai, ,ai
lapawai.net,lapawai,amniotic fluid. ,ai
lalilali.net,lalilali, ,li
lanilani.net,lanilani, ,ni
lanaau.net,lanaau,"to float or drift with the current; to look about in every direction, wander, ramble, drift aimlessly. ",au
lanakamalama.net,lanakamalama,"name of a star. lit., the light floats. ",ma
lanakila.net,lanakila,"wind, Hauʻula, Oʻahu. ",la
lapauila.net,lapauila, ,la
lanakana.net,lanakana, ,na
laniuma.net,laniuma,both flowering and aromatic-leaved pelargoniums also called rose geraniums. ,ma
lapaiki.net,lapaiki,small drum. ,ki
lanahua.net,lanahua,"crook, protuberance, hump; bent out, convex. ",ua
lanipili.net,lanipili, ,li
lauaki.net,lauaki,"to cooperate, work together, as of experts; to concentrate on the same task; to pool talents. ",ki
lauhuki.net,lauhuki,"tapa soaking, to soak tapa. ",ki
lauhau.net,lauhau,"brightly colored butterfly fish (Chaetodon quadrimaculatus and C. umimaculatus). This name may be qualified by the terms kapuhili, kīkākapu, maha uli, nuku ʻiʻiwi or nuku ʻiwi, and wiliwili. ",au
laukapalala.net,laukapalala,"legendary name for broad leaves of the first taro, said to have been born of a woman. ",la
laukonakona.net,laukonakona, ,na
laukua.net,laukua,"confused, repetitious, mixed, incoherent, as speech; miscellaneous; irregular-shaped, as some leaves. ",ua
laukamana.net,laukamana,laudanum. ,na
laulauna.net,laulauna,"sociable, friendly, gregarious, genial. ",na
laumanamana.net,laumanamana,a variety of sweet potato. ,na
lauhulu.net,lauhulu,"   • dry banana leaf; 
   • to wrap, as a bundle, with ti leaves inside and banana leaves outside. 
   • fig., outsider, one from another locality (sometimes said disparagingly). ",lu
laukamani.net,laukamani,"wind associated with Hālawa, Molokaʻi.  lit., kamani leaf. ",ni
laukani.net,laukani,"tough, hardy. ",ni
laukona.net,laukona,"a variety of sugar cane with green and yellow striped canes and leaves; used in sorcery, because of the meaning of laukōnā, to break the influence of the hana aloha love magic and change love into hatred. ",na
laumaki.net,laumaki, ,ki
laumanie.net,laumanie, ,ie
lapelana.net,lapelana,Lapland. ,na
lauhalalana.net,lauhalalana,"vagabond, drifter, one as useless as pandanus leaves adrift in the sea. lit., floating pandanus leaf. ",na
lauhua.net,lauhua,"a kind of ʻoʻopu, a fish. ",ua
laukana.net,laukana,"uninterested in religion, indifferent to religion. ",na
laukanu.net,laukanu,planted sweet-potato vine. ,nu
lawena.net,lawena,"getting, acquiring, taking, carrying, acquisition; movement, as of dancing hands. ",na
laumeki.net,laumeki,a kind of barbed spear. ,ki
lauone.net,lauone,"soil light, fertile, and easy to cultivate; alluvial soil, sandy soil. lit., sand surface. ",one
laupalai.net,laupalai,"to shine, glitter, sparkle, as dew in the sun. ",ai
lawalawaihonua.net,lawalawaihonua,type of large wooden bowl. ,ua
laupau.net,laupau,a kind of fish. ,au
laweau.net,laweau,"to drift apart; to depart, as in death. ",au
lawehana.net,lawehana,"workman, laborer; industrious; to do labor, work. ",na
laupapa.net,laupapa,"a broad flat, as of coral, lava, reef. ",pa
lehuuila.net,lehuuila,flashes of lightning; to flash. ,la
leiau.net,leiau,an ancient type of prayer. ,au
laumeke.net,laumeke, ,ke
lauwili.net,lauwili,"   • circuitous, roundabout, indirect, 
   • turning, twisting, 
   • unstable, fickle, changeable, inconstant, 
   • double-tongued, 
   • variable.   ",li
lawakua.net,lawakua,"strong-backed, muscular, of strong physique, bulging with muscles. ",ua
lawehala.net,lawehala,"   • sin, sinner, sinful; to sin, transgress.
   • delinquency, delinquent, 
   • offense; 
   • evil. ",la
lawelua.net,lawelua,"to study both sides of a question; to act impartially. lit., take two. ",ua
lehalehai.net,lehalehai, ,ai
lauwiliwili.net,lauwiliwili,a butterfly fish (Chaetodon miliaris). ,li
lehopulu.net,lehopulu,"earth-clinging rainbow. lit., wet cowry shell. ",lu
lehuakona.net,lehuakona,"star in the Milky Way, perhaps Antares. lit., south lehua flower. ",na
leihala.net,leihala,a variety of eel. ,la
lelehu.net,lelehu, ,hu
lelepau.net,lelepau,to trust completely. ,au
lekuke.net,lekuke,lettuce (Lactuca sativa). ,ke
lelepinau.net,lelepinau,game said to resemble kōnane. ,au
lekinekona.net,lekinekona,Lexington. ,na
leleiona.net,leleiona,"shark-sucker, remora (Echeneidae spp.); it clings to large fish, such as swordfish, marlin, bonito, shark. ",na
lelepe.net,lelepe,"toothed, sharp-pointed design, as in tapa. ",pe
leinekia.net,leinekia,reindeer. ,kia
leiomanu.net,leiomanu, ,nu
lekahone.net,lekahone,Leghorn (city and chicken) ,one
lelehua.net,lelehua,"a good thinker, planner. ",ua
lelemu.net,lelemu,"a slowpoke; slow, sluggish, disinclined to get up. ",mu
leikini.net,leikini, ,ni
lelehuna.net,lelehuna,"fine windblown rain spray, dust, mist; to fall as fine rain. ",na
lekeona.net,lekeona,"legion; a large number (Mar. 5.9, 15) ; used figuratively of one possessed by the devil or intoxicated. ",na
leileina.net,leileina, ,na
leiomano.net,leiomano,"a weapon, a large shark tooth set in a piece of wood about 6.4 cm long, with a string loop for attaching to the finger (probably from lei o manō, a shark's lei). ",no
lelena.net,lelena, ,na
lelepinao.net,lelepinao,"to swing on a koali vine. lit., dragonfly leap. ",ao
lelepuni.net,lelepuni,a musical interval of an octave. ,ni
lepelua.net,lepelua,a turncoat; unfaithful. ,ua
lepeulu.net,lepeulu,"split or crack in wood, running with the grain. ",lu
leokani.net,leokani,"vowel. lit., voiced sound. ",ni
lepelepe.net,lepelepe,fringed. ,pe
leleuli.net,leleuli,"name of a gusty, wintry wind. ",li
lepeohina.net,lepeohina,"a red seaweed (Halymenia formosa) with flat blades bearing fringed and irregular margins, with a variety of colors ranging from red to yellow; common allusion to swirling in water resembling movement of pāʻū in dancing. Also called leheleheʻīlio, lepelepeohina, limupepeohina, pāʻūohiʻiaka. ",na
lepalepa.net,lepalepa,to hang in fringes or tatters. ,pa
leopaki.net,leopaki,leopard. ,ki
lepanona.net,lepanona,Lebanon. ,na
leleponi.net,leleponi,"to die suddenly, as by stroke or accident. ",ni
lemuhao.net,lemuhao, ,ao
lemulemu.net,lemulemu, ,mu
lenalena.net,lenalena, ,na
lepelepeohina.net,lepelepeohina,monarch butterfly (Danaus plexippus); Kamehameha butterfly. ,na
lemuomakili.net,lemuomakili, ,li
lenekila.net,lenekila,lentils (Lens esculenta). ,la
lepohao.net,lepohao,"rust; rusty. lit., iron dirt. ",ao
likiki.net,likiki,"ticket, receipt. ",ki
likini.net,likini,rigging. ,ni
likula.net,likula,ligure. ,la
likolehua.net,likolehua,a variety of sweet potato ,ua
lewiakana.net,lewiakana,leviathan. ,na
lihalihau.net,lihalihau, ,au
likepona.net,likepona,Lisbon. ,na
lileiuli.net,lileiuli,"to cleanse, as of sin. ",li
liliwai.net,liliwai,"a small native herb (Acaena exigua), growing in bogs, only on top of West Maui and Kauaʻi, the narrow, fernlike leaves forming a rosette. ",ai
lewaalani.net,lewaalani,part of a heiau temple where human sacrifices were offered. ,ni
likemona.net,likemona,Richmond. ,na
lihili.net,lihili,"confused, bewildered, unsuccessful. ",li
Domain,Word,Definition,TLD
mimomimo.net,mimomimo, ,mo
mineapoli.net,mineapoli,Minneapolis. ,li
milikana.net,milikana, ,na
mimiki.net,mimiki,to work with a will. ,ki
milumilu.net,milumilu,"gloomy, shady, solemn. ",lu
mimimio.net,mimimio, ,io
minelala.net,minelala,mineral. ,la
moelehua.net,moelehua,rain name. ,ua
moelola.net,moelola,"striped tapa; an outer sheet (kilohana) for bed covers, as made by laying a red cloth or tapa over a white tapa in long panels with intervening white spaces, and then beating it into the tapa; striped. ",la
miulana.net,miulana,"orange and white champak (Michelia champaca and M. longifolia), tall trees with smooth gray trunks, from the Himalayas, related to the magnolia, bearing many-parted, orange or yellow flowers (M. champaca) or white flowers (M. longifolia), which are especially fragrant at night. (Neal 357) The orange and white species may be distinguished by qualifying miulana with the colors melemele and keʻokeʻo. The Chinese name for the white species is pak-lan, but cf. pakalana . ",na
moelua.net,moelua,"striped, of two colors of about same width and lying parallel, as of tapa. ",ua
moekuhua.net,moekuhua,viscous matter in the eyes. ,ua
moeone.net,moeone,small worm that hides in the sand. ,one
moanaana.net,moanaana, ,na
moanonuikalehua.net,moanonuikalehua,"a goddess who came with Pele from Kahiki and lived in Kaʻieʻie Channel between Kauaʻi and Oahu. She had two forms: one of a woman as beautiful as, a lehua tree laden with blossoms, the other of a red moano fish. When Māui tried to draw the islands together, Moano and others snagged his hook into a rock (Pōhakuokauaʻi) which was then pulled to Kaʻena Point. Māui caught Moano's fish body and laid it on a shrine. Her spirit returned to Kahiki, but it returned later to Kauaʻi, Oahu, and finally to ʻŌlaʻa, Hawaii. lit., great goatfish, the lehua blossom. ",ua
moauli.net,moauli,"short for moana uli, dark blue sea. ",li
mohola.net,mohola, ,la
mokae.net,mokae,"a plant resembling kiliʻoʻopu, a sedge. ",ae
mohahala.net,mohahala, ,la
mohihio.net,mohihio, ,io
moaniani.net,moaniani, ,ni
moekolu.net,moekolu,"striped, of three colors of about the same width and lying parallel. ",lu
mokokaikala.net,mokokaikala,motorcycle. ,la
molokala.net,molokala, ,la
molehao.net,molehao,"lit., iron bottom. ",ao
molaki.net,molaki,mortgage. ,ki
moluna.net,moluna,"thief, robber; to rob, plunder, take by force. ",na
molola.net,molola,"tall, long. ",la
mokekao.net,mokekao,Moscow. ,ao
moleanahonua.net,moleanahonua,"geometry. lit., base for measuring land. ",ua
molemona.net,molemona,Mormon. ,na
molohai.net,molohai,"drowsy, sleepy. ",ai
mokumokumanahua.net,mokumokumanahua, ,ua
mololani.net,mololani,"well-kept, well-nursed. ",ni
momomoe.net,momomoe, ,moe
momomoni.net,momomoni, ,ni
momoua.net,momoua,far. ,ua
mumuhu.net,mumuhu,"   • buzzing, humming sound, as of flies, perhaps a lower tone than the mumuhi; 
   • to swarm.    ",hu
monekana.net,monekana,Montana. ,na
monekekeli.net,monekekeli,monastery. ,li
mulelehu.net,mulelehu, ,hu
muikiiki.net,muikiiki,"cramped, as on a narrow seat; to crowd together. ",ki
mukuela.net,mukuela,weasel. (Bib.) ,la
muliwai.net,muliwai,"river, river mouth; pool near mouth of a stream, as behind a sand bar, enlarged by ocean water left there by high tide; estuary. ",ai
muakua.net,muakua,"unfriendly, unsocial. ",ua
muiona.net,muiona,"an annelid worm, resembling a centipede. ",na
mumulu.net,mumulu,"to swarm, as flies, bees, mosquitoes. ",lu
monokune.net,monokune,monsoon. ,ne
mukikiki.net,mukikiki,to thump. ,ki
naepuni.net,naepuni, ,ni
nahunahuihu.net,nahunahuihu,"family discord, quarrel. lit., nose biting. ",hu
nakili.net,nakili,"to glimmer through, as light through a small opening; to begin to open, as eyes of a young animal; to twinkle. ",li
nahae.net,nahae,"   • torn, rent; tear; to rip or tear 
   • (said figuratively of emotions).    ",ae
nahanahae.net,nahanahae, ,ae
naikola.net,naikola, ,la
nakalike.net,nakalike,Nazarite. (Bib.) ,like
nakeke.net,nakeke,"   • rattling, as of a window; 
   • rustling, as of paper.   ",ke
nakapa.net,nakapa,stacte [sweet spice used in ancient Hebrew incense]. ,pa
naauau.net,naauau,remission of a taboo. ,au
nakekeke.net,nakekeke, ,ke
nakawila.net,nakawila,Nashville. ,la
nakinaki.net,nakinaki, ,ki
nahunahu.net,nahunahu,to suffer pangs of childbirth. ,hu
nakulehu.net,nakulehu,a variety of white sweet potato. ,hu
nahuna.net,nahuna,bite. ,na
nanahili.net,nanahili, ,li
nalunalu.net,nalunalu,"rough, of a sea with high waves; to form high waves. ",lu
nanahuki.net,nanahuki,"to pull away from; contrary, disdainful (perhaps from nanā, surly, and huki, pull). ",ki
nanamu.net,nanamu,to grumble. ,mu
nanahua.net,nanahua,"ill-feeling, bitterness. ",ua
nanaau.net,nanaau, ,au
naluli.net,naluli,"shaky, unsteady, swaying (less common than luli). ",li
naluliluli.net,naluliluli, ,li
nalulu.net,nalulu,"   • dull headache; 
   • dull pain in the stomach, 
   • queasy; 
   • to have such pains.    ",lu
nanahu.net,nanahu, ,hu
nakulu.net,nakulu,"   • dripping, as water; 
   • patter, clatter, rattle, echo; 
   • rumbling, as the stomach; 
   • grumbling; 
   • vibrating, as thunder;
   • to spread or circulate, as rumor.   ",lu
nalinali.net,nalinali, ,li
nanekina.net,nanekina,Nanking. ,na
naomakalua.net,naomakalua,"fish-basket trap made of ʻinalua vines, used for small fish. lit., double-meshed groove. ",ua
nananai.net,nananai, ,ai
nanapau.net,nanapau,a tree. ,au
napela.net,napela,Naples. ,la
nananapa.net,nananapa, ,pa
naouananahuki.net,naouananahuki,name of a tapa design. ,ki
naneki.net,naneki,"nankeen, denim. ",ki
nanenane.net,nanenane, ,ne
nanulu.net,nanulu, ,lu
napanapa.net,napanapa,"to writhe and twist, as an eel. ",pa
nanauki.net,nanauki, ,ki
naowili.net,naowili,"a bit for a drill. lit., twisting thread. ",li
nemanema.net,nemanema,to belittle. ,ma
nenanena.net,nenanena, ,na
nehunehu.net,nehunehu, ,hu
neleau.net,neleau,"the native Hawaiian sumach (Rhus sandwincensis, synonyms R. semilata var. sandwicensis and R. chinesis var. sandwicensis) a shrub or small tree, with light, soft, tough wood. ",au
neneke.net,neneke,"shuffling, scratching, thumping sound; to sound thus ",ke
neneleau.net,neneleau, ,au
nauewai.net,nauewai,a variety of sweet potato. ,ai
napenape.net,napenape,"fluttering, flickering, flexible. ",pe
nenelu.net,nenelu,"   • flabby fat; soft plumpness.
   • soft, as fine, worked-up soil;
   • boggy, marshy, springy, swampy; mire, bog, marsh;    ",lu
nelunelu.net,nelunelu, ,lu
niau.net,niau,"   • moving smoothly, swiftly, silently, peacefully; 
   • flowing or sailing thus; 
   • to pass on, 
   • glide.    ",au
niniau.net,niniau, ,au
nianiau.net,nianiau, ,au
nihowilihemo.net,nihowilihemo,"design on Niʻihau mats consisting of a series of pointed notches, called kulipuʻu elsewhere. lit., twisting loose tooth. ",mo
nikelake.net,nikelake,nitrate. ,ke
nihipali.net,nihipali,a kind of fish (no data). ,li
nenewai.net,nenewai,a variety of sweet potato. ,ai
niakala.net,niakala,Niagara. ,la
nianiape.net,nianiape, ,pe
ninihua.net,ninihua,resentment; resentful. ,ua
nilekai.net,nilekai,"nilgai, antelope. ",ai
ninaninau.net,ninaninau,to examine. ,au
niape.net,niape,"long, extended, as a pole. ",pe
nihina.net,nihina, ,na
nikalakua.net,nikalakua,Nicaragua. ,ua
nokema.net,nokema,juniper roots. ,ma
nioke.net,nioke,"ebbing, receding, of the tide. ",ke
niolopua.net,niolopua,handsome. ,ua
nohunohu.net,nohunohu, ,hu
noili.net,noili, ,li
nokenoke.net,nokenoke, ,ke
nokinihama.net,nokinihama,Nottingham. ,ma
nolewai.net,nolewai,Norway; Norwegian. ,ai
nohae.net,nohae, ,ae
nohoanu.net,nohoanu,"native geraniums (Geranium spp.), shrubs and small trees found only at high altitudes in Hawaiʻi. They have small, ovate, green or silvery leaves, edged or tipped with teeth, and reddish or white flowers. lit., cold dwelling. ",nu
noleweke.net,noleweke,Norwegian. ,ke
niniki.net,niniki, ,ki
niuaua.net,niuaua,"somewhat dizzy; sad, unlucky. ",ua
nohili.net,nohili,"tedious, slow. ",li
nokekula.net,nokekula,"water hen (RSV), swan (KJV). ",la
nonenone.net,nonenone, ,one
nopanopa.net,nopanopa, ,pa
nomenome.net,nomenome, ,me
nonohu.net,nonohu, ,hu
nonolu.net,nonolu, ,lu
nonome.net,nonome, ,me
nononi.net,nononi, ,ni
noulu.net,noulu, ,lu
nolunolu.net,nolunolu, ,lu
noninoni.net,noninoni, ,ni
nononoke.net,nononoke, ,ke
nonohina.net,nonohina,"blossoms of the olopua, a tree. ",na
nonopapa.net,nonopapa,"invalid, sick. ",pa
nonohua.net,nonohua,diarrhea; to have symptoms of diarrhea; disgust; to be vile. ,ua
nonolau.net,nonolau, ,au
nouaiki.net,nouaiki,Norwich. ,ki
nukukau.net,nukukau,thick-lipped. ,au
nupaikini.net,nupaikini,new-fashioned. ,ni
nupanupa.net,nupanupa,also lupalupa. ,pa
oalu.net,oalu,a variety of taro. ,lu
ohaikau.net,ohaikau,name given to a kind of sled obtained from Captain Cook; it is said to have had supernatural qualities. ,au
nulunulu.net,nulunulu, ,lu
numela.net,numela,numeral. ,la
nunulu.net,nunulu,"   • to growl or snarl, as a dog; 
   • warbling, as a bird; 
   • reverberating.    ",lu
nunanuna.net,nunanuna, ,na
olinakio.net,olinakio,ordination. ,io
nunuki.net,nunuki,"to rise and fall, as the sea. ",ki
olohana.net,olohana, ,na
noweke.net,noweke,northwest. ,ke
nukilani.net,nukilani,New Zealand. ,ni
paeheu.net,paeheu,large bundle. ,eu
olopua.net,olopua,"a large native tree (Osmanthus sandwicensis), to 19 m high, in the olive family. It bears narrow or oblong leaves, yellowish flowers, and blue 1.3 cm- long fruits. The hard wood, dark-brown with black streaks, was used for spears, adze handles, and digging sticks. cf. nonohina. ",ua
olua.net,olua, ,ua
paehumu.net,paehumu,taboo enclosure about a chief's house or about a heiau. ,mu
olohio.net,olohio,"to move quickly, as a gust of wind. ",io
ololani.net,ololani,"acclaimed, as a chief. ",ni
onehali.net,onehali,"name of a Kauaʻi wind. lit., sand carrying. ",li
olohao.net,olohao,"cannon. lit., iron noise. ",ao
olowalu.net,olowalu,"   • joint action; 
   • simultaneous sounds; 
   • din of many voices, sounds, as of horns or roosters; 
   • to rush or attack in concert; 
   • a group, as of hills (olowalu puʻu).   ",lu
oluwalu.net,oluwalu,name reported for a minor illness (no data). ,lu
onaona.net,onaona,"   • softly fragrant; soft fragrance or perfume, aroma; 
   • gentle and sweet, as the eyes or disposition; 
   • inviting, attractive, alluring, lovely.   ",na
olomehani.net,olomehani,"dumping ground, refuse or rubbish dump. ",ni
oneoneihonua.net,oneoneihonua,name of a death-bringing prayer or for a heiau dedication. ,ua
olomio.net,olomio,"tapering, narrowing; to start to form a crust, as a wound; to go quickly, vanish. ",io
Domain,Word,Definition,TLD
pelepulu.net,pelepulu,"soaked, drenched, as by rain. ",lu
pelikana.net,pelikana,pelican. ,na
pelekane.net,pelekane,"Britain, British, England, English, Englishman. ",ne
pelekunu.net,pelekunu,"musty, moldy, or rank odor. ",nu
peleki.net,peleki,brake; to apply brakes. ,ki
peleleu.net,peleleu,"   • extended, either longitudinally or horizontally;
   • long, broad, wide, as a nose; 
   • spreading, extending;
   • extension, projection.    ",eu
peleminahama.net,peleminahama,Birmingham. ,ma
pelua.net,pelua, ,ua
pelena.net,pelena,"crackers, biscuit, bread. ",na
pelupelu.net,pelupelu, ,lu
peleke.net,peleke, ,ke
pelemakani.net,pelemakani,"propeller, as of an airplane. Niʻihau. ",ni
pelekepulikano.net,pelekepulikano,Presbyterian. ,no
pelukia.net,pelukia,Prussia; Prussian. ,kia
pelekia.net,pelekia,Persia; Persian. ,kia
pelekikena.net,pelekikena,president; presidential. ,na
pelelina.net,pelelina,Berlin. ,na
peliala.net,peliala,friar. ,la
pelio.net,pelio,counterfeit. ,io
pelukua.net,pelukua,to turn about; to turn and go back. ,ua
pelekiuma.net,pelekiuma,Belgium; Belgian. ,ma
pelekona.net,pelekona,person. ,na
peleu.net,peleu, ,eu
peloni.net,peloni,felony. ,ni
pepakene.net,pepakene,Cayenne pepper (Capsicum annuum cv. ‘longum’). ,ne
penekuina.net,penekuina,penguin. ,na
pepehua.net,pepehua, ,ua
pepela.net,pepela, ,la
pepenu.net,pepenu, ,nu
penikila.net,penikila,painkiller. ,la
penopeno.net,penopeno,"dirty, smutty. ",no
penupenu.net,penupenu, ,nu
pepehu.net,pepehu, ,hu
pepeiao.net,pepeiao,"cotyledon, as of beans. ",ao
pepamina.net,pepamina,peppermint (Mentha piperita). ,na
pepena.net,pepena, ,na
penekine.net,penekine,benzine. ,ne
penekala.net,penekala,Bengal. ,la
pepeiaohao.net,pepeiaohao,"horn of an animal; trumpet or horn made of an animal's horn. (Hal. 118.27)  lit., iron ear. ",ao
pepeno.net,pepeno, ,no
pepeohina.net,pepeohina, ,na
pepepe.net,pepepe, ,pe
pepeua.net,pepeua,"hard, thick, disobedient. ",ua
pihano.net,pihano,"silent, weak-voiced. ",no
pikawai.net,pikawai,"to pick up, as a rooster picks up food. ",ai
pikineki.net,pikineki,business. ,ki
pikiki.net,pikiki, ,ki
peupeu.net,peupeu, ,eu
pikimana.net,pikimana,bituminous; coal. ,na
pikanini.net,pikanini,"small (slang, from pickaninny). ",ni
pihaweuweu.net,pihaweuweu,"temporary bed made of dry ʻilima branches, dried banana leaves and grasses, over which a mat or two were spread. ",eu
pihulu.net,pihulu,"hairy, fuzzy. ",lu
Domain,Word,Definition,TLD
pelekunu.net,pelekunu,"musty, moldy, or rank odor. ",nu
pelena.net,pelena,"crackers, biscuit, bread. ",na
pelepulu.net,pelepulu,"soaked, drenched, as by rain. ",lu
peleu.net,peleu, ,eu
pelio.net,pelio,counterfeit. ,io
peloni.net,peloni,felony. ,ni
pelua.net,pelua, ,ua
pelekane.net,pelekane,"Britain, British, England, English, Englishman. ",ne
peleke.net,peleke, ,ke
pelekepulikano.net,pelekepulikano,Presbyterian. ,no
pelekikena.net,pelekikena,president; presidential. ,na
peleleu.net,peleleu,"   • extended, either longitudinally or horizontally;
   • long, broad, wide, as a nose; 
   • spreading, extending;
   • extension, projection.    ",eu
pelukua.net,pelukua,to turn about; to turn and go back. ,ua
peleki.net,peleki,brake; to apply brakes. ,ki
pelelina.net,pelelina,Berlin. ,na
pelemakani.net,pelemakani,"propeller, as of an airplane. Niʻihau. ",ni
peleminahama.net,peleminahama,Birmingham. ,ma
peliala.net,peliala,friar. ,la
pelikana.net,pelikana,pelican. ,na
pelekia.net,pelekia,Persia; Persian. ,kia
pelekiuma.net,pelekiuma,Belgium; Belgian. ,ma
pelekona.net,pelekona,person. ,na
pelukia.net,pelukia,Prussia; Prussian. ,kia
pelupelu.net,pelupelu, ,lu
penikila.net,penikila,painkiller. ,la
pepakene.net,pepakene,Cayenne pepper (Capsicum annuum cv. ‘longum’). ,ne
pepena.net,pepena, ,na
pepeno.net,pepeno, ,no
pepeohina.net,pepeohina, ,na
penekine.net,penekine,benzine. ,ne
penekuina.net,penekuina,penguin. ,na
penupenu.net,penupenu, ,nu
pepehu.net,pepehu, ,hu
pepeiao.net,pepeiao,"cotyledon, as of beans. ",ao
pepeiaohao.net,pepeiaohao,"horn of an animal; trumpet or horn made of an animal's horn. (Hal. 118.27)  lit., iron ear. ",ao
pepenu.net,pepenu, ,nu
penekala.net,penekala,Bengal. ,la
pepamina.net,pepamina,peppermint (Mentha piperita). ,na
pepehua.net,pepehua, ,ua
pepela.net,pepela, ,la
penopeno.net,penopeno,"dirty, smutty. ",no
pepepe.net,pepepe, ,pe
pikiki.net,pikiki, ,ki
pepeua.net,pepeua,"hard, thick, disobedient. ",ua
pikawai.net,pikawai,"to pick up, as a rooster picks up food. ",ai
pikekakio.net,pikekakio,pistachio (Pistacia vera). ,io
pikumena.net,pikumena,coal. ,na
pihano.net,pihano,"silent, weak-voiced. ",no
pihulu.net,pihulu,"hairy, fuzzy. ",lu
pikimana.net,pikimana,bituminous; coal. ,na
pikineki.net,pikineki,business. ,ki
pikiniki.net,pikiniki,picnic. ,ki
peupeu.net,peupeu, ,eu
pihaweuweu.net,pihaweuweu,"temporary bed made of dry ʻilima branches, dried banana leaves and grasses, over which a mat or two were spread. ",eu
pikakani.net,pikakani,"a rattlebox (Crotalaria pallida, formerly known as C. mucronata), known in many tropical countries, a small, weedy, shrubby legume with three-parted leaves, yellow flowers striped with red, and many-seeded pods to 5 cm long. ",ni
pikanini.net,pikanini,"small (slang, from pickaninny). ",ni
pilapilau.net,pilapilau,"somewhat bad-smelling, not quite spoiled. ",au
pilikahakai.net,pilikahakai,"shore, especially the area between high and low tides; near the shore. ",ai
pilikai.net,pilikai,"a vine (Stictocardia tiliaefolia) in the morning-glory family, native from India eastward, possibly into Polynesia, long known in Hawaiʻi, as on roadsides and rocky shores. Flowers are funnel-shaped, rose-purple, about 5.1 cm in diameter, the leaves heartshaped. ",ai
pilimua.net,pilimua,"gram. article, the part of speech: ke, ka, he, nā. ",ua
pilipilikana.net,pilipilikana, ,na
piliwaiwai.net,piliwaiwai,"gambling, betting, gambler; to bet, gamble. lit., to wager wealth. ",ai
pilikane.net,pilikane,Brittany. ,ne
pilikua.net,pilikua,"   • giant, 
   • large strapping fellow, 
   • country person, one living in the country; countrified.    ",ua
pililua.net,pililua,"name of a pair of stars, said to bring ʻōpelu fish. ",ua
pilupilu.net,pilupilu, ,lu
pilawaiwai.net,pilawaiwai,"account, reckoning, as of an estate; invoice. ",ai
pilihala.net,pilihala,"wind associated with Kaʻawaloa, Hawaiʻi. lit., near pandanus. ",la
pilihua.net,pilihua,"   • sad, sorrowful, dejected, 
   • astonished, 
   • confused (Ier. 14.9) ,
   • bewitched (Oih. 8.9) ; 
   • weary.    ",ua
pilikana.net,pilikana,"(probably pili, to cling, + -kana, nominalizer.) 
   • relation, relationship, 
   • kin, family.     ",na
pilimai.net,pilimai,"a native variety of sugar cane, a yellow-green mutant of ʻakilolo; used in hana aloha, love sorcery, with the prayer for love to cling and hold fast. ",ai
pilimoe.net,pilimoe,name of one of the tapas in the game of pūhenehene. ,moe
pinilana.net,pinilana,"Finland, Finnish. ",na
pipilikia.net,pipilikia, ,kia
pipine.net,pipine,promiscuous; promiscuous person. ,ne
piuke.net,piuke,beauty. ,ke
pohalu.net,pohalu, ,lu
pohokano.net,pohokano,hollow stone containing kukui oil used as a lamp (Malo 63); palm of the hand (stingy). ,no
poholelua.net,poholelua,"slow, as a vessel; unskilled, bungling, as in mechanical work. ",ua
pinana.net,pinana,to climb; a climb. ,na
pinopino.net,pinopino, ,no
pipili.net,pipili,tenacious. ,li
pohona.net,pohona,"sinking in, caving in, hollowing, as cheeks of an aged person; settling; bend, as in a U-shaped fish-hook. ",na
pinau.net,pinau,"to recoil, snap, as a rope. ",au
piula.net,piula,"mule, donkey (Molokaʻi). ",la
poheke.net,poheke,"forced out, squeezed. ",ke
poholua.net,poholua,"to billow out, as sails. ",ua
pokepola.net,pokepola,phosphorus. ,la
poleke.net,poleke,to have lost property by authority of a chief. ,ke
polikua.net,polikua,"the dark, invisible beyond, as on beyond the horizon or in the upper stratum. lit., back bosom. ",ua
polapola.net,polapola,"recovered from sickness; well, after sickness; to get well, convalesce; filling out, as after loss of weight; sprouting, as a bud. ",la
pokake.net,pokake,mushroom-shaped; head of the penis. ,ke
pokia.net,pokia,pole smeared with gum so that birds lighting on it will be caught. ,kia
pokiulai.net,pokiulai,Fourth of July. ,ai
pokiwai.net,pokiwai,"a drink of either warm or cold water, with sugar and cream. ",ai
pokoke.net,pokoke,"kidney disease, urinary leakage. ",ke
polenekia.net,polenekia,Polynesia; Polynesian. ,kia
pokukala.net,pokukala,Portugal. ,la
polemo.net,polemo, ,mo
poinikia.net,poinikia,Phoenicia; Phoenician. ,kia
pokekona.net,pokekona,Boston. ,na
pokini.net,pokini,boatswain. ,ni
polikia.net,polikia,"tied tightly, not easily unfastened. fig., severe suffering. ",kia
polokalama.net,polokalama,"program, a term invented in the mid-1970s for the Hawaiian language radio program. ",ma
pololena.net,pololena,Florence. ,na
pololohua.net,pololohua, ,ua
pomelaike.net,pomelaike,pomegranate. ,ke
polohilani.net,polohilani, ,ni
pomeikalana.net,pomeikalana,"the pomegranate (Punica granatum), an ornamental and fruit-bearing shrub from Persia. ",na
polopolona.net,polopolona,"musty odor; rancid, moldy odor, as of mildewed clothes; stuffy or stale smell of a room long closed. ",na
polupolu.net,polupolu,"flabby, fat. ",lu
ponapona.net,ponapona,jointed. ,na
polohua.net,polohua, ,ua
ponokalapa.net,ponokalapa,phonograph. ,pa
polohina.net,polohina,"gray, misty, smoky. fig., affectionate grief, pity. ",na
polokake.net,polokake,slippery; wobbly; saturation. ,ke
poloke.net,poloke,"broken; broke, without funds (slang). ",ke
polopoloua.net,polopoloua,"unripe, growing pandanus fruit. ",ua
pomekelane.net,pomekelane,pomegranate. ,ne
popoli.net,popoli,"arched, curved, warped. ",li
popolona.net,popolona, ,na
poponi.net,poponi, ,ni
ponululu.net,ponululu, ,lu
puahina.net,puahina,gray. ,na
puaaneane.net,puaaneane,"extremity of life, extreme old age. ",ne
poropoleme.net,poropoleme,problem. ,me
puahio.net,puahio,"to come and go swiftly, as a puff or gust of wind. ",io
ponokope.net,ponokope,"copyright; to copyright; to copy in any way, not necessarily properly. ",pe
popela.net,popela,poplar. ,la
pouhana.net,pouhana,"post set in the middle of each end of the house, supporting the ridgepole. fig., support, mainstay, as of a family. ",na
pouomanu.net,pouomanu,"house post; post designating place of human sacrifice, said to be named for an ancient deity; center post. see illus. 1, illus. 2, illus. 3 ",nu
pouono.net,pouono,fishing net. ,no
popoke.net,popoke, ,ke
pouamanu.net,pouamanu, ,nu
pouna.net,pouna, ,na
puahala.net,puahala,design in tapa and patchwork quilts. ,la
puahekili.net,puahekili,"one of the native loosestrifes (Lysimachia hillebrandii). lit., thunder flower. ",li
ponununu.net,ponununu, ,nu
popopono.net,popopono, ,no
puaokalani.net,puaokalani,"false daisy (Eclipta alba).  lit., flower of the chief [or heaven]. Niʻihau. ",ni
puakauahihaehaekamanu.net,puakauahihaehaekamanu,"a lua fighting stroke. lit., the smoke blows, the birds rage. ",nu
puakawaihae.net,puakawaihae,a variety of taro. ,ae
puakoali.net,puakoali,a tapa colored by beating in sandalwood. ,li
puana.net,puana,"pronunciation, utterance. ",na
puaniki.net,puaniki,to bind tightly. ,ki
pualau.net,pualau,"to carry on the hip, as a child. ",au
pualu.net,pualu,"a species of surgeonfish (Acanthurus xanthopterus and A. mata), up to 15 and 20 cm in length and brown or dull-gray in color. It resembles the palani in tough skin and strong smell but may be distinguished from the latter by a blue line across the soft part of the fin. ",lu
puehu.net,puehu,"   • scattered, dispersed, routed, gone, 
   • tousled; every which way, as hair in the wind,
   • fine, crumbling.    ",hu
puela.net,puela,"a long tapa strip, as used for a marker or banner; narrow, thin, as a banner. ",la
puahiohio.net,puahiohio,"whirlwind, gust. fig., worthless talk. ",io
puakala.net,puakala,"to assume the appearance of kala seaweed, said of octopus in the sea. ",la
puhahalu.net,puhahalu, ,lu
puaokama.net,puaokama,"a gourd (Sicyos niihauensis), first collected and identified by H. St. John. cf. kūpala and (Neal 808). ",ma
puhalu.net,puhalu,"   • soft, flabby, 
   • loose, to loosen, 
   • sagging, sag. 
   • sunken, sink,
   • deflated; deflate,  
   • fig., unenthusiastic, relaxed, weak.    ",lu
puanane.net,puanane,name of a star. ,ne
puepuehu.net,puepuehu, ,hu
puhemo.net,puhemo,"loose, set free, released, taken off. ",mo
puahulu.net,puahulu, ,lu
puakai.net,puakai, ,ai
puakelekino.net,puakelekino,"a spiny climbing vine (Caesalpinia sepiaria) from India, first grown in Kaʻū, Hawaiʻi, by Father Celestino.  lit., Celestino flower. ",no
puanakau.net,puanakau,"the star Rigel, tutelary star of West Maui. ",au
puhina.net,puhina,"same as puhi₁,₂,₃; blowhole (preceded by ke). ",na
puiki.net,puiki, ,ki
pukapai.net,pukapai,"to rebuke mildly, as because of affection. ",ai
pulikana.net,pulikana,puritan. ,na
pulukelina.net,pulukelina,Brooklyn. ,na
pukaihu.net,pukaihu,hole in pearl-shell shank. ,hu
pukanawila.net,pukanawila,"large woody vines (Bougainvillea spp.) from Brazil, bearing during their long flowering time masses of bright-colored bracts, which accompany small hidden flowers. Flower bracts are purple-red, rose-red, brick-red, and orange to whitish. ",la
pulapula.net,pulapula,"seedlings, sprouts, cuttings, as of sugar cane. ",la
pulema.net,pulema,Burma. ,ma
puleheke.net,puleheke,"to gather together, as canoes. ",ke
pulehua.net,pulehua,to gum lehua flowers for the purpose of catching birds. ,ua
pulekakoli.net,pulekakoli,purgatory. ,li
puleipulu.net,puleipulu,"rancid, musty. ",lu
pukahipa.net,pukahipa,sheep market. ,pa
pukakala.net,pukakala, ,la
pukana.net,pukana,"outlet, exit, issue, exodus, descendant. ",na
pukua.net,pukua,"to offer, as a fish. ",ua
pulekina.net,pulekina,bulletin. ,na
pulelua.net,pulelua,to hurry. ,ua
pupulu.net,pupulu, ,lu
punihai.net,punihai,"fearful, afraid; to run off in fear. ",ai
punipeki.net,punipeki,a game similar to fox and geese. ,ki
puolani.net,puolani,"to place high, or in a lofty or sacred place. ",ni
punelu.net,punelu, ,lu
punonono.net,punonono, ,no
puoni.net,puoni,"to save, preserve. ",ni
pulupulu.net,pulupulu,"redup. of pulu₁, wet, moist, soaked, saturated... ",lu
puluna.net,puluna,"one's child's parents-in-law or aunts and uncles by marriage; kāne, male, and wahine, female, may follow. ",na
pupupua.net,pupupua, ,ua
pulukene.net,pulukene, ,ne
puluma.net,puluma,plum. ,ma
pumahana.net,pumahana, ,na
punahelu.net,punahelu,"moldy, mildewed. ",lu
pupuni.net,pupuni, ,ni
puluwai.net,puluwai,land patch. ,ai
punalua.net,punalua,"formerly, spouses sharing a spouse, as two husbands of a wife, or two wives of a husband; also, wives of brothers, husbands of sisters (no sexual privileges); sister-in-law (Ruta 1.15) . ",ua
punapuna.net,punapuna,"mealy, firm, not soft or soggy, as taro or sweet potato. ",na
pupua.net,pupua, ,ua
uhemo.net,uhemo, ,mo
uhae.net,uhae, ,ae
uhauhumu.net,uhauhumu,"to sew together, as sails; to lay together, as stones in a wall; to interlock. ",mu
uhalula.net,uhalula, ,la
uhikino.net,uhikino,"body covering, garment, shield. ",no
ualehu.net,ualehu,"gray, ashy-gray. ",hu
uananahuki.net,uananahuki,tapa beater. ,ki
uauai.net,uauai, ,ai
uhalu.net,uhalu,to deplete. ,lu
uheheu.net,uheheu,to fly or hurry as though on wings (ʻēheu). ,eu
uhahemo.net,uhahemo,hemorrhoids. ,mo
uhaki.net,uhaki, ,ki
uhaluhalu.net,uhaluhalu, ,lu
uhauhau.net,uhauhau, ,au
uaiki.net,uaiki,"offspring of a chief and a mother of no rank. lit., little rain. ",ki
uhalena.net,uhalena,"lazy, overstuffed with food. lit., lazy colon. ",na
uhina.net,uhina,covering; throw or cast net. ,na
ukuhina.net,ukuhina,"a pouring out, dipping, weaning. ",na
uliuli.net,uliuli,a kind of rock from which adzes were made. ,li
uhiwai.net,uhiwai,"heavy fog, mist. lit., water covering. ",ai
uhuki.net,uhuki, ,ki
ukali.net,ukali,"   • to follow, come after, succeed, attend, accompany, escort; 
   • follower, attendant; 
   • complement, as in grammar; 
   • reserve.    ",li
ukokomo.net,ukokomo,to enter together. ,mo
uhoni.net,uhoni, ,ni
ukupau.net,ukupau,"piece labor, pay by the job rather than according to time, as on sugar plantations; used in pidgin for any work that everyone should pitch in gladly to finish; contract labor. lit., finished pay. ",au
uhinu.net,uhinu, ,nu
uiuilani.net,uiuilani, ,ni
ukamu.net,ukamu,oakum. ,mu
ukione.net,ukione,extreme unction. ,one
ulehala.net,ulehala,aerial pandanus roots. ,la
uhuao.net,uhuao, ,ao
ukaukai.net,ukaukai,"fat, feeble. ",ai
ukuwai.net,ukuwai,"place in the grass house where host and guests visited, between the sleeping place and the door. ",ai
Domain,Word,Definition,TLD
ukokomo.net,ukokomo,to enter together. ,mo
ukupau.net,ukupau,"piece labor, pay by the job rather than according to time, as on sugar plantations; used in pidgin for any work that everyone should pitch in gladly to finish; contract labor. lit., finished pay. ",au
ukuwai.net,ukuwai,"place in the grass house where host and guests visited, between the sleeping place and the door. ",ai
ulehala.net,ulehala,aerial pandanus roots. ,la
uhinu.net,uhinu, ,nu
uhuki.net,uhuki, ,ki
uliuli.net,uliuli,a kind of rock from which adzes were made. ,li
uhiwai.net,uhiwai,"heavy fog, mist. lit., water covering. ",ai
uhuao.net,uhuao, ,ao
uiuilani.net,uiuilani, ,ni
ukamu.net,ukamu,oakum. ,mu
ukaukai.net,ukaukai,"fat, feeble. ",ai
uhoni.net,uhoni, ,ni
ukali.net,ukali,"   • to follow, come after, succeed, attend, accompany, escort; 
   • follower, attendant; 
   • complement, as in grammar; 
   • reserve.    ",li
ukione.net,ukione,extreme unction. ,one
ukuhina.net,ukuhina,"a pouring out, dipping, weaning. ",na
uluwela.net,uluwela, ,la
unahiuhu.net,unahiuhu,a variety of sweet potato. ,hu
ulueki.net,ulueki,"brush, undergrowth, forest. ",ki
uluna.net,uluna,"pillow, cushion, formerly made of pandanus; to use as a pillow (Kin. 28.18) . headrest (e.g. dentist's chair) (HE). ",na
ulupau.net,ulupau,to gather together; to go everywhere. ,au
uluau.net,uluau,"a wind associated with Waiākea, Hawaiʻi. ",au
ulukake.net,ulukake, ,ke
ulukua.net,ulukua, ,ua
ulumano.net,ulumano,"a strong wind blowing from a given direction in each locality, as a strong southeast wind in Kaʻū and Puna, Hawaiʻi, and at Kāneʻohe, Oʻahu. lit., blowing hard. ",no
umuakua.net,umuakua, ,ua
ulupua.net,ulupua, ,ua
ulupuni.net,ulupuni,"overcome by emotion, hysteria, passion, or an occult influence. ",ni
unana.net,unana, ,na
ulualono.net,ulualono,genealogist in the hale nauā. ,no
uluhua.net,uluhua,"vexed, annoyed, discouraged, displeased (1-Nal. 20.43) , harassed, weary, offended, angry, upset. ",ua
unuunu.net,unuunu,"   • to singe, as the feathers of a chicken before dressing it, or the hairs of a pig or dog by rolling it over hot oven stones; 
   • to pluck, as feathers from a fowl.   ",nu
waenakonu.net,waenakonu,"center, middle, midway. ",nu
wahieokeola.net,wahieokeola,"lignum vitae (Guaiacum officinale), a small tree from tropical America, with heavy, hard wood, useful for many purposes. The resin yields medicine and stain. The tree is also ornamental, each leaf with two or three pairs of rounded leaflets, the flowers blue and clustered, the fruits yellow and heart-shaped. ",la
unonoke.net,unonoke, ,ke
unuhina.net,unuhina,translation. ,na
wahamana.net,wahamana,"screen, shutter. ",na
uwali.net,uwali, ,li
unihapa.net,unihapa, ,pa
wahawai.net,wahawai,"to talk glibly, brag. lit., watery mouth. ",ai
unikalio.net,unikalio,Unitarian. ,io
ununa.net,ununa, ,na
uwenewene.net,uwenewene,unclean in habits. ,ne
waena.net,waena,"cultivated field, garden, vegetable plot. ",na
unulau.net,unulau,"a wind famous in song noted on Kauaʻi, West Maui, and Niʻihau; according to (Emerson) (UL 196), the trade wind. ",au
wahulu.net,wahulu, ,lu
wailena.net,wailena,"bile. lit., yellow water. ",na
waianiani.net,waianiani,a variety of Molokaʻi sweet potato. ,ni
waihau.net,waihau,"a heiau where hogs, bananas, and coconuts were sacrificed, but not human beings; a heiau for moʻo spirits. ",au
waikaua.net,waikaua,a war temple. ,ua
waikini.net,waikini,San Joaquin. ,ni
waiokila.net,waiokila, ,la
waiohinu.net,waiohinu,"all kinds of cultivated dahlias (Dahlia spp.), named for a town on Hawaiʻi where the plant was first grown. ",nu
waiakua.net,waiakua,"distant, aloof, unsociable, exclusive, as of a chief too high to mingle with others. lit., godly blood. ",ua
waihae.net,waihae,"agricultural land term commonly used in the 1840s, especially on Maui; meaning unknown. ",ae
wailau.net,wailau,"place names on Hawaiʻi, Kauaʻi, and Molokaʻi. ",au
waikulu.net,waikulu,alcohol. ,lu
waimakaua.net,waimakaua,services to get rain. ,ua
waimano.net,waimano,stone from which octopus sinkers were made. ,no
waiahu.net,waiahu, ,hu
waipalupalu.net,waipalupalu,name recorded for a variety of sweet potato. ,lu
waohua.net,waohua,to plot to trap. ,ua
waiolina.net,waiolina,violin. ,na
waiolono.net,waiolono,"careful, cautious about what one says. ",no
waleweki.net,waleweki,Warwick. ,ki
waluwalu.net,waluwalu, ,lu
waniki.net,waniki,varnish; to paint. ,ki
wakinekona.net,wakinekona,Washington. ,na
walewalena.net,walewalena,slimy discharge. ,na
waloina.net,waloina, ,na
wanakoua.net,wanakoua,Vancouver. ,ua
waiuli.net,waiuli,"name of a wind, Honolua, Maui. ",li
wakikana.net,wakikana,Vatican. ,na
wanila.net,wanila,vanilla. ,la
wawalu.net,wawalu, ,lu
welehu.net,welehu,a deep sea fish resembling the hāuliuli. ,hu
welona.net,welona, ,na
wawai.net,wawai,"watered well, watery. ",ai
wawali.net,wawali, ,li
wenawena.net,wenawena, ,na
weluwelu.net,weluwelu,"redup. of welu₁, rag, ragged fragment; ragged, frayed, tattered...; shredded to bits. ",lu
welelau.net,welelau,"to touch the tip, as of a spear. ",au
welewelelau.net,welewelelau,very end of the tip. ,au
wekeweke.net,wekeweke,"to open, as a crack. ",ke
weliweli.net,weliweli,"   • violent, dreadful, horrible, fearful, ferocious; 
   • revered; 
   • respectful, as of the word of a chief; 
   • full of awe.    ",li
welokike.net,welokike,velocity. ,ke
wawana.net,wawana, ,na
wehena.net,wehena,"   • opening, unfastening, taking off; 
   • solution, as of a problem. ",na
weweke.net,weweke,prayer for luakini dedication. ,ke
weweli.net,weweli,somewhat afraid (less strong than weliweli). ,li
wilinau.net,wilinau,"to writhe, twist, wriggle. ",au
wilemikona.net,wilemikona,Wilmington. ,na
winihapa.net,winihapa,"brick, named for Captain Winship, said to have brought the first bricks to Hawaiʻi. ",pa
weuweu.net,weuweu,"   • herbage, grass, greenery; 
   • bushy or fuzzy, as a beard; 
   • fluffy.    ",eu
wewena.net,wewena, ,na
weweweke.net,weweweke, ,ke
wikiliola.net,wikiliola,vitriol. ,la
wiliwili.net,wiliwili, ,li
wikiwama.net,wikiwama,wigwam. ,ma
wilelaiki.net,wilelaiki,"the Christmas-berry tree (Schinus terebinthifolius), a rather small tree, from Brazil, the leaves compound, each leaf having about seven leaflets, the flowers whitish, small, in large bunches, the small red fruits of the female tree abundant, resembling those of the pūkiawe. Named for Willie Rice [William Hyde Rice?], who during political campaigns wore a hat lei of the red berries. ",ki
wilikina.net,wilikina,"sister, nun (Catholic). ",na
wilikine.net,wilikine,Virgin. ,ne
wiliwai.net,wiliwai,"eddy, whirlpool. ",ai
wiluwilu.net,wiluwilu, ,lu
wiliau.net,wiliau,"   • to stir, 
   • circulate, 
   • move in eddies; 
   • mixed currents and eddies; 
   • turbulent.   ",au
wikeke.net,wikeke,whiskey. ,ke
wiliwiliwai.net,wiliwiliwai,"lawn sprinkler. see song, koʻiawe. ",ai
winiwini.net,winiwini,"redup. of wini₁, sharp, as a point. fig., impudent, nervy...; tapering, ridged. ",ni
wiwini.net,wiwini, ,ni
wulekake.net,wulekake,Vulgate. ,ke
wulekula.net,wulekula,vulture. ,la
